time_pt,ticker,type,status,score,1h_ret_pct,4h_ret_pct,eod_ret_pct
09:05 PT,CIFR,UNKNOWN,REJECTED_LOW_PREMIUM,0.0,3.58,8.56,9.19
09:20 PT,CIFR,CALL,TRIGGER_PULLBACK_CONFIRMED,43.4,3.58,8.56,9.19
06:38 PT,AXTI,UNKNOWN,REJECTED_LOW_PREMIUM,0.0,3.63,6.46,7.00
10:34 PT,CAR,UNKNOWN,REJECTED_LOW_PREMIUM,0.0,3.85,6.09,
09:05 PT,WULF,CALL,REJECTED_LOW_SCORE,31.9,0.59,4.44,4.81
08:39 PT,CRDO,UNKNOWN,REJECTED_NO_FLOW,0.0,1.58,5.45,4.64
10:41 PT,CIFR,UNKNOWN,REJECTED_BID_SIDE,0.0,1.58,4.51,
10:55 PT,CIFR,UNKNOWN,REJECTED_NO_FLOW,0.0,1.58,4.51,
08:39 PT,CAR,UNKNOWN,REJECTED_NO_FLOW,0.0,-1.31,3.76,4.19
10:34 PT,WULF,UNKNOWN,REJECTED_LOW_PREMIUM,0.0,1.14,3.90,
08:13 PT,COIN,PUT,REJECTED_LOW_SCORE,20.3,0.06,3.09,3.04
08:13 PT,USO,UNKNOWN,REJECTED_BID_SIDE,0.0,0.26,2.44,2.89
08:21 PT,USO,UNKNOWN,REJECTED_NO_FLOW,0.0,0.26,2.44,2.89
08:56 PT,USO,UNKNOWN,REJECTED_LOW_PREMIUM,0.0,0.26,2.44,2.89
08:21 PT,SNDK,UNKNOWN,REJECTED_NO_FLOW,0.0,1.38,3.73,2.88
08:47 PT,SNDK,UNKNOWN,REJECTED_LOW_PREMIUM,0.0,1.38,3.73,2.88
06:32 PT,SOXL,UNKNOWN,REJECTED_LOW_PREMIUM,0.0,1.21,1.88,2.85
07:01 PT,AAOI,UNKNOWN,REJECTED_LOW_PREMIUM,0.0,-0.78,2.38,2.66
07:06 PT,AAOI,UNKNOWN,REJECTED_NO_FLOW,0.0,-0.78,2.38,2.66
09:05 PT,BE,CALL,REJECTED_LOW_SCORE,31.5,-0.09,2.63,2.61
09:20 PT,BE,UNKNOWN,REJECTED_NO_FLOW,0.0,-0.09,2.63,2.61
08:47 PT,ASTS,PUT,REJECTED_LOW_SCORE,21.7,1.39,3.29,2.48
07:18 PT,HOOD,PUT,REJECTED_LOW_SCORE,18.4,0.44,1.89,2.16
08:21 PT,IONQ,UNKNOWN,REJECTED_NO_FLOW,0.0,0.36,3.41,2.00
06:49 PT,SLV,PUT,REJECTED_LOW_SCORE,18.4,-0.38,0.71,1.88
07:25 PT,MSFT,PUT,REJECTED_LOW_SCORE,7.5,0.44,1.95,1.76
18:16 PT,TSLA,UNKNOWN,REJECTED_BID_SIDE,0.0,3.15,2.06,1.65
20:16 PT,TSLA,UNKNOWN,REJECTED_LOW_PREMIUM,0.0,3.15,2.06,1.65
06:43 PT,TSLA,CALL,REJECTED_LOW_SCORE,33.7,3.15,2.06,1.65
06:43 PT,GOOG,UNKNOWN,REJECTED_BID_SIDE,0.0,0.06,1.19,1.48
11:12 PT,RKLB,PUT,REJECTED_LOW_SCORE,20.4,0.99,1.46,
09:13 PT,ORCL,PUT,REJECTED_LOW_SCORE,26.0,1.01,1.22,1.45
11:20 PT,HIMS,UNKNOWN,REJECTED_NO_FLOW,0.0,2.20,1.42,
07:18 PT,NFLX,PUT,REJECTED_LOW_SCORE,26.1,0.49,1.72,1.33
09:27 PT,ARM,UNKNOWN,REJECTED_NO_FLOW,0.0,1.77,1.45,1.15
09:13 PT,CLS,UNKNOWN,REJECTED_LOW_PREMIUM,0.0,0.70,0.81,1.10
10:34 PT,CRH,PUT,REJECTED_LOW_SCORE,33.7,0.69,1.10,
09:27 PT,XOP,UNKNOWN,REJECTED_NO_FLOW,0.0,0.44,0.94,1.10
08:39 PT,CENX,UNKNOWN,REJECTED_NO_FLOW,0.0,0.61,1.57,1.10
09:47 PT,CORZ,UNKNOWN,REJECTED_NO_FLOW,0.0,0.33,0.97,1.02
07:06 PT,AVGO,UNKNOWN,REJECTED_NO_FLOW,0.0,-0.09,0.29,1.01
07:46 PT,STX,UNKNOWN,REJECTED_NO_FLOW,0.0,-0.51,0.99,0.99
08:13 PT,AVGO,UNKNOWN,REJECTED_BID_SIDE,0.0,0.30,1.09,0.99
18:16 PT,SOXX,UNKNOWN,REJECTED_BID_SIDE,0.0,0.43,0.64,0.98
20:16 PT,SOXX,UNKNOWN,REJECTED_LOW_PREMIUM,0.0,0.43,0.64,0.98
08:21 PT,CRCL,UNKNOWN,REJECTED_NO_FLOW,0.0,0.72,1.56,0.98
12:19 PT,VALE,UNKNOWN,REJECTED_NO_FLOW,0.0,0.79,0.96,
07:54 PT,IONQ,UNKNOWN,REJECTED_LOW_PREMIUM,0.0,-1.26,1.37,0.91
10:07 PT,INFQ,UNKNOWN,REJECTED_LOW_PREMIUM,0.0,0.09,0.89,
10:34 PT,INFQ,UNKNOWN,REJECTED_BID_SIDE,0.0,0.09,0.89,
09:27 PT,MRVL,UNKNOWN,REJECTED_NO_FLOW,0.0,0.57,0.88,0.86
09:05 PT,MSTR,PUT,REJECTED_LOW_SCORE,20.9,1.30,0.66,0.81
06:43 PT,AVGO,UNKNOWN,REJECTED_LOW_PREMIUM,0.0,-0.22,0.01,0.79
06:55 PT,AVGO,CALL,REJECTED_LOW_SCORE,36.3,-0.22,0.01,0.79
18:16 PT,MSTR,UNKNOWN,REJECTED_BID_SIDE,0.0,3.62,0.01,0.66
20:16 PT,MSTR,UNKNOWN,REJECTED_LOW_PREMIUM,0.0,3.62,0.01,0.66
06:55 PT,MSTR,CALL,REJECTED_LOW_SCORE,37.6,3.62,0.01,0.66
11:56 PT,ETHA,UNKNOWN,REJECTED_NO_FLOW,0.0,0.38,0.66,
10:16 PT,NFLX,UNKNOWN,REJECTED_BID_SIDE,0.0,0.25,0.64,
11:36 PT,STM,UNKNOWN,REJECTED_LOW_PREMIUM,0.0,0.44,0.64,
06:49 PT,RGTI,UNKNOWN,REJECTED_LOW_PREMIUM,0.0,1.78,-0.13,0.56
10:34 PT,XOP,UNKNOWN,REJECTED_LOW_PREMIUM,0.0,0.69,0.56,
18:16 PT,IWM,UNKNOWN,REJECTED_BID_SIDE,0.0,0.71,0.66,0.55
20:16 PT,IWM,UNKNOWN,REJECTED_LOW_PREMIUM,0.0,0.71,0.66,0.55
08:13 PT,IGV,PUT,REJECTED_LOW_SCORE,20.5,0.06,0.57,0.51
09:13 PT,CENX,UNKNOWN,REJECTED_LOW_PREMIUM,0.0,0.46,2.20,0.51
06:49 PT,META,UNKNOWN,REJECTED_LOW_PREMIUM,0.0,0.21,-0.08,0.49
09:36 PT,GOOGL,CALL,REJECTED_LOW_SCORE,21.5,0.43,0.67,0.49
10:48 PT,SMCI,UNKNOWN,REJECTED_LOW_PREMIUM,0.0,-0.26,0.49,
18:16 PT,AMD,UNKNOWN,REJECTED_BID_SIDE,0.0,0.33,0.95,0.49
20:16 PT,AMD,UNKNOWN,REJECTED_LOW_PREMIUM,0.0,0.33,0.95,0.49
07:06 PT,NVDA,UNKNOWN,REJECTED_NO_FLOW,0.0,0.04,0.27,0.47
07:12 PT,UNH,CALL,REJECTED_LOW_SCORE,35.1,0.42,0.19,0.44
10:25 PT,XLE,UNKNOWN,REJECTED_NO_FLOW,0.0,0.52,0.44,
10:55 PT,META,UNKNOWN,REJECTED_NO_FLOW,0.0,-0.03,0.42,
06:43 PT,WDC,UNKNOWN,REJECTED_LOW_PREMIUM,0.0,-0.23,0.66,0.41
11:12 PT,MRVL,UNKNOWN,REJECTED_BID_SIDE,0.0,0.41,0.41,
11:27 PT,MRVL,UNKNOWN,REJECTED_LOW_PREMIUM,0.0,0.41,0.41,
18:16 PT,QQQ,UNKNOWN,REJECTED_BID_SIDE,0.0,0.36,0.27,0.40
20:16 PT,QQQ,UNKNOWN,REJECTED_LOW_PREMIUM,0.0,0.36,0.27,0.40
06:32 PT,QQQ,CALL,REJECTED_LOW_SCORE,27.2,0.36,0.27,0.40
10:16 PT,ASTS,UNKNOWN,REJECTED_LOW_PREMIUM,0.0,-1.15,0.31,
10:25 PT,ASTS,UNKNOWN,REJECTED_NO_FLOW,0.0,-1.15,0.31,
10:34 PT,ASTS,CALL,REJECTED_LOW_SCORE,19.4,-1.15,0.31,
09:20 PT,VRT,UNKNOWN,REJECTED_NO_FLOW,0.0,-0.25,0.16,0.28
18:16 PT,SPY,UNKNOWN,REJECTED_BID_SIDE,0.0,0.30,0.27,0.27
20:16 PT,SPY,UNKNOWN,REJECTED_LOW_PREMIUM,0.0,0.30,0.27,0.27
06:43 PT,SPY,CALL,REJECTED_LOW_SCORE,39.9,0.30,0.27,0.27
11:12 PT,IBIT,UNKNOWN,REJECTED_BID_SIDE,0.0,0.37,0.26,
07:12 PT,SMH,UNKNOWN,REJECTED_BID_SIDE,0.0,-0.22,-0.04,0.23
11:56 PT,SMH,UNKNOWN,REJECTED_NO_FLOW,0.0,0.32,0.22,
12:04 PT,GOOG,PUT,REJECTED_LOW_SCORE,14.7,0.04,0.21,
10:07 PT,GS,CALL,REJECTED_LOW_SCORE,39.3,0.04,0.20,
08:21 PT,MU,UNKNOWN,REJECTED_NO_FLOW,0.0,1.27,0.53,0.17
12:11 PT,ANET,UNKNOWN,REJECTED_NO_FLOW,0.0,-0.04,0.16,
07:12 PT,META,UNKNOWN,REJECTED_BID_SIDE,0.0,-0.43,-0.31,0.14
07:18 PT,META,CALL,REJECTED_LOW_SCORE,32.7,-0.43,-0.31,0.14
10:55 PT,GOOGL,UNKNOWN,REJECTED_NO_FLOW,0.0,0.34,0.14,
11:56 PT,PLTR,UNKNOWN,REJECTED_NO_FLOW,0.0,0.00,0.13,
07:12 PT,DIA,PUT,REJECTED_LOW_SCORE,37.8,-0.19,0.22,0.13
12:29 PT,SMCI,UNKNOWN,REJECTED_NO_FLOW,0.0,-0.37,0.12,
06:32 PT,NVDA,CALL,REJECTED_LOW_SCORE,25.6,-0.43,-0.42,0.12
10:16 PT,IREN,UNKNOWN,REJECTED_LOW_PREMIUM,0.0,0.48,0.11,
07:46 PT,AMD,UNKNOWN,REJECTED_NO_FLOW,0.0,-0.44,-0.03,0.11
12:46 PT,JPM,UNKNOWN,REJECTED_NO_FLOW,0.0,-0.05,0.07,
07:46 PT,SPY,UNKNOWN,REJECTED_NO_FLOW,0.0,0.04,-0.12,0.06
07:06 PT,QQQ,UNKNOWN,REJECTED_NO_FLOW,0.0,-0.10,-0.17,0.04
07:31 PT,IWM,PUT,REJECTED_LOW_SCORE,32.2,-0.12,0.22,0.04
11:36 PT,DVN,CALL,REJECTED_LOW_SCORE,31.3,0.07,0.04,
12:53 PT,MRVL,CALL,REJECTED_LOW_SCORE,30.8,0.06,0.04,
10:16 PT,PLTR,UNKNOWN,REJECTED_LOW_PREMIUM,0.0,-0.20,0.03,
12:04 PT,CVNA,UNKNOWN,REJECTED_NO_FLOW,0.0,0.25,0.02,
07:38 PT,AAPL,PUT,REJECTED_LOW_SCORE,31.2,-0.26,0.06,0.02
10:16 PT,IBIT,UNKNOWN,REJECTED_LOW_PREMIUM,0.0,-0.50,0.01,
10:07 PT,KWEB,PUT,REJECTED_LOW_SCORE,8.7,0.18,-0.00,
10:34 PT,KWEB,UNKNOWN,REJECTED_BID_SIDE,0.0,-0.18,0.00,
12:46 PT,FXI,UNKNOWN,REJECTED_NO_FLOW,0.0,0.00,0.00,
08:13 PT,SPY,PUT,REJECTED_LOW_SCORE,36.5,-0.16,0.10,-0.00
08:21 PT,GS,UNKNOWN,REJECTED_NO_FLOW,0.0,0.28,-0.05,-0.01
07:06 PT,AAPL,UNKNOWN,REJECTED_NO_FLOW,0.0,0.26,-0.06,-0.02
07:31 PT,AAPL,CALL,REJECTED_LOW_SCORE,39.8,0.26,-0.06,-0.02
18:16 PT,TLT,UNKNOWN,REJECTED_BID_SIDE,0.0,0.11,-0.01,-0.02
20:16 PT,TLT,UNKNOWN,REJECTED_LOW_PREMIUM,0.0,0.11,-0.01,-0.02
11:12 PT,TLT,PUT,REJECTED_LOW_SCORE,35.3,-0.04,-0.03,
12:38 PT,TQQQ,UNKNOWN,REJECTED_BID_SIDE,0.0,0.10,-0.05,
12:04 PT,FIG,UNKNOWN,REJECTED_NO_FLOW,0.0,0.05,-0.05,
09:57 PT,SOXL,UNKNOWN,REJECTED_NO_FLOW,0.0,-0.35,0.60,-0.05
11:12 PT,XLE,UNKNOWN,REJECTED_LOW_PREMIUM,0.0,-0.04,-0.05,
08:56 PT,NBIS,PUT,REJECTED_LOW_SCORE,19.6,-1.02,-0.36,-0.06
12:11 PT,MSFT,UNKNOWN,REJECTED_BID_SIDE,0.0,-0.04,-0.07,
12:38 PT,MSFT,CALL,REJECTED_IV_CRUSH,0.0,-0.04,-0.07,
09:36 PT,AAPL,UNKNOWN,REJECTED_BID_SIDE,0.0,-0.27,-0.30,-0.08
08:39 PT,RKLB,UNKNOWN,REJECTED_NO_FLOW,0.0,0.73,0.39,-0.08
08:13 PT,PYPL,CALL,REJECTED_IV_CRUSH,0.0,0.33,-0.28,-0.09
06:43 PT,COIN,UNKNOWN,REJECTED_BID_SIDE,0.0,3.80,0.88,-0.09
06:49 PT,COIN,CALL,REJECTED_LOW_SCORE,25.2,3.80,0.88,-0.09
07:18 PT,AMD,PUT,REJECTED_LOW_SCORE,34.7,0.44,0.03,-0.11
07:18 PT,TLT,CALL,TRIGGER_PULLBACK_CONFIRMED,46.4,-0.09,-0.13,-0.11
07:46 PT,TLT,UNKNOWN,REJECTED_NO_FLOW,0.0,-0.09,-0.13,-0.11
11:20 PT,EWY,UNKNOWN,REJECTED_NO_FLOW,0.0,0.14,-0.13,
07:01 PT,SCHW,UNKNOWN,REJECTED_LOW_PREMIUM,0.0,0.29,-0.25,-0.15
11:27 PT,GME,UNKNOWN,REJECTED_NO_FLOW,0.0,0.20,-0.16,
08:13 PT,MU,PUT,REJECTED_LOW_SCORE,26.3,-1.27,-0.53,-0.17
07:12 PT,TSM,CALL,REJECTED_LOW_SCORE,35.3,-1.08,-0.30,-0.18
11:49 PT,MSFT,PUT,REJECTED_IV_CRUSH,0.0,-0.23,-0.20,
07:31 PT,HIMS,UNKNOWN,REJECTED_BID_SIDE,0.0,-0.78,-1.71,-0.21
12:46 PT,GOOG,CALL,REJECTED_LOW_SCORE,33.4,-0.04,-0.21,
10:16 PT,HOOD,UNKNOWN,REJECTED_LOW_PREMIUM,0.0,0.06,-0.21,
11:36 PT,GOOGL,UNKNOWN,REJECTED_BID_SIDE,0.0,0.00,-0.22,
08:01 PT,IWM,UNKNOWN,REJECTED_NO_FLOW,0.0,0.29,-0.26,-0.22
11:02 PT,CCL,UNKNOWN,REJECTED_NO_FLOW,0.0,-0.49,-0.22,
11:02 PT,WDC,UNKNOWN,REJECTED_NO_FLOW,0.0,-0.24,-0.22,
11:27 PT,ASML,UNKNOWN,REJECTED_NO_FLOW,0.0,0.25,-0.23,
11:20 PT,GOOG,UNKNOWN,REJECTED_NO_FLOW,0.0,-0.06,-0.24,
11:36 PT,AXTI,UNKNOWN,REJECTED_BID_SIDE,0.0,0.65,-0.27,
06:49 PT,KWEB,CALL,TRIGGER_PULLBACK_CONFIRMED,46.5,0.15,-0.31,-0.29
06:49 PT,KWEB,CALL,REJECTED_LOW_SCORE,37.8,0.15,-0.31,-0.29
11:12 PT,INTC,PUT,REJECTED_LOW_SCORE,17.1,-0.80,-0.32,
10:34 PT,EWY,UNKNOWN,REJECTED_LOW_PREMIUM,0.0,-0.48,-0.33,
12:46 PT,TSM,CALL,TRIGGER_PULLBACK_CONFIRMED,42.6,-0.13,-0.34,
12:46 PT,TSM,UNKNOWN,REJECTED_NO_FLOW,0.0,-0.13,-0.34,
09:47 PT,STM,UNKNOWN,REJECTED_NO_FLOW,0.0,-0.12,-0.25,-0.34
09:05 PT,GS,UNKNOWN,REJECTED_BID_SIDE,0.0,-0.64,-0.30,-0.34
08:39 PT,NVDA,PUT,REJECTED_LOW_SCORE,25.3,-0.16,-0.63,-0.35
09:57 PT,UBER,UNKNOWN,REJECTED_NO_FLOW,0.0,-0.29,-0.33,-0.36
11:12 PT,ARM,CALL,REJECTED_LOW_SCORE,28.9,-0.11,-0.37,
11:49 PT,ARM,UNKNOWN,REJECTED_BID_SIDE,0.0,-0.11,-0.37,
06:43 PT,ETHA,UNKNOWN,REJECTED_LOW_PREMIUM,0.0,0.38,0.16,-0.38
06:32 PT,NFLX,UNKNOWN,REJECTED_LOW_PREMIUM,0.0,0.95,-1.03,-0.40
06:43 PT,QQQ,PUT,REJECTED_LOW_SCORE,21.6,-0.36,-0.27,-0.40
09:05 PT,TQQQ,UNKNOWN,REJECTED_LOW_PREMIUM,0.0,-0.56,-0.26,-0.41
09:20 PT,TQQQ,UNKNOWN,REJECTED_NO_FLOW,0.0,-0.56,-0.26,-0.41
07:18 PT,KWEB,UNKNOWN,REJECTED_NO_FLOW,0.0,0.07,-0.61,-0.43
07:25 PT,KWEB,UNKNOWN,REJECTED_LOW_PREMIUM,0.0,0.07,-0.61,-0.43
12:19 PT,MARA,UNKNOWN,REJECTED_NO_FLOW,0.0,-0.02,-0.43,
08:39 PT,DIA,UNKNOWN,REJECTED_NO_FLOW,0.0,0.08,-0.44,-0.44
08:01 PT,IREN,UNKNOWN,REJECTED_NO_FLOW,0.0,-0.48,-0.15,-0.48
06:55 PT,META,PUT,REJECTED_LOW_SCORE,16.8,-0.21,0.08,-0.49
08:21 PT,IGV,UNKNOWN,REJECTED_NO_FLOW,0.0,-0.06,-0.57,-0.51
08:56 PT,IGV,UNKNOWN,REJECTED_BID_SIDE,0.0,-0.06,-0.57,-0.51
07:12 PT,NBIS,UNKNOWN,REJECTED_LOW_PREMIUM,0.0,-0.48,0.40,-0.52
07:25 PT,NBIS,UNKNOWN,REJECTED_BID_SIDE,0.0,-0.48,0.40,-0.52
07:46 PT,NBIS,UNKNOWN,REJECTED_NO_FLOW,0.0,-0.48,0.40,-0.52
06:32 PT,MSFT,CALL,REJECTED_LOW_SCORE,24.2,1.26,-0.04,-0.53
06:55 PT,MSFT,UNKNOWN,REJECTED_NO_FLOW,0.0,1.26,-0.04,-0.53
09:36 PT,IGV,UNKNOWN,REJECTED_LOW_PREMIUM,0.0,-0.56,-0.65,-0.54
07:01 PT,IBIT,CALL,REJECTED_LOW_SCORE,38.0,-0.18,-1.04,-0.54
07:06 PT,IBIT,UNKNOWN,REJECTED_NO_FLOW,0.0,-0.18,-1.04,-0.54
10:07 PT,AMD,CALL,REJECTED_LOW_SCORE,35.8,-0.67,-0.54,
07:12 PT,CRWD,UNKNOWN,REJECTED_LOW_PREMIUM,0.0,-0.75,-0.74,-0.54
07:12 PT,EWJ,UNKNOWN,REJECTED_LOW_PREMIUM,0.0,-0.15,-0.60,-0.60
10:16 PT,GLD,CALL,REJECTED_LOW_SCORE,39.5,-0.10,-0.61,
07:18 PT,ASML,UNKNOWN,REJECTED_BID_SIDE,0.0,-0.30,-0.67,-0.66
10:48 PT,RACE,UNKNOWN,REJECTED_LOW_PREMIUM,0.0,-0.20,-0.68,
10:41 PT,ARM,UNKNOWN,REJECTED_LOW_PREMIUM,0.0,-0.27,-0.76,
09:57 PT,EWZ,UNKNOWN,REJECTED_NO_FLOW,0.0,-0.10,-0.45,-0.76
08:39 PT,CRM,UNKNOWN,REJECTED_NO_FLOW,0.0,-0.36,-1.04,-0.76
07:06 PT,GLD,UNKNOWN,REJECTED_NO_FLOW,0.0,-0.13,-0.30,-0.81
06:49 PT,MU,CALL,REJECTED_LOW_SCORE,27.6,0.03,0.00,-0.82
10:48 PT,MU,UNKNOWN,REJECTED_LOW_PREMIUM,0.0,0.08,-0.85,
09:47 PT,UNP,UNKNOWN,REJECTED_NO_FLOW,0.0,-0.49,-0.98,-0.87
07:12 PT,MU,CALL,REJECTED_IV_CRUSH,0.0,-1.34,0.03,-0.90
10:48 PT,SLV,UNKNOWN,REJECTED_BID_SIDE,0.0,-0.34,-0.92,
07:38 PT,BABA,UNKNOWN,REJECTED_NO_FLOW,0.0,-0.19,-0.95,-0.93
07:54 PT,BABA,UNKNOWN,REJECTED_LOW_PREMIUM,0.0,-0.19,-0.95,-0.93
08:21 PT,ADBE,UNKNOWN,REJECTED_NO_FLOW,0.0,-0.40,-0.99,-0.93
08:56 PT,XHB,UNKNOWN,REJECTED_LOW_PREMIUM,0.0,0.21,-0.94,-0.95
08:56 PT,KRE,UNKNOWN,REJECTED_LOW_PREMIUM,0.0,0.38,-1.06,-1.01
07:46 PT,AVGO,PUT,REJECTED_LOW_SCORE,19.8,0.09,-0.29,-1.01
18:16 PT,GLD,UNKNOWN,REJECTED_BID_SIDE,0.0,-0.16,-0.37,-1.01
20:16 PT,GLD,UNKNOWN,REJECTED_LOW_PREMIUM,0.0,-0.16,-0.37,-1.01
10:48 PT,NBIS,CALL,REJECTED_LOW_SCORE,39.8,-0.11,-1.03,
10:16 PT,AMZN,UNKNOWN,REJECTED_LOW_PREMIUM,0.0,-0.94,-1.06,
09:36 PT,EWY,UNKNOWN,REJECTED_BID_SIDE,0.0,-0.58,-1.07,-1.09
09:05 PT,INTC,CALL,REJECTED_IV_CRUSH,0.0,-0.51,-0.84,-1.12
09:27 PT,INTC,UNKNOWN,REJECTED_NO_FLOW,0.0,-0.51,-0.84,-1.12
09:05 PT,JPM,CALL,REJECTED_LOW_SCORE,38.5,-0.78,-1.25,-1.14
08:21 PT,TSLA,UNKNOWN,REJECTED_NO_FLOW,0.0,-0.06,-1.36,-1.22
06:32 PT,AMZN,UNKNOWN,REJECTED_BID_SIDE,0.0,0.23,-0.10,-1.25
06:55 PT,AMZN,UNKNOWN,REJECTED_NO_FLOW,0.0,0.23,-0.10,-1.25
07:54 PT,CVNA,UNKNOWN,REJECTED_BID_SIDE,0.0,0.63,-1.74,-1.29
07:06 PT,NFLX,UNKNOWN,REJECTED_NO_FLOW,0.0,-0.49,-1.72,-1.33
07:01 PT,AMZN,CALL,REJECTED_LOW_SCORE,28.0,-0.31,-1.26,-1.38
09:47 PT,KRE,CALL,TRIGGER_PULLBACK_CONFIRMED,40.7,-1.03,-1.36,-1.39
06:38 PT,INTC,UNKNOWN,REJECTED_LOW_PREMIUM,0.0,0.37,-1.13,-1.45
11:27 PT,RKLB,UNKNOWN,REJECTED_LOW_PREMIUM,0.0,-0.99,-1.46,
08:47 PT,WDC,PUT,REJECTED_LOW_SCORE,18.2,-2.00,-1.44,-1.46
07:01 PT,NOW,UNKNOWN,REJECTED_LOW_PREMIUM,0.0,-1.32,-2.08,-1.49
09:13 PT,SLV,UNKNOWN,REJECTED_LOW_PREMIUM,0.0,-0.50,-1.67,-1.55
08:21 PT,SLV,UNKNOWN,REJECTED_NO_FLOW,0.0,-0.07,-1.10,-1.58
09:20 PT,GE,UNKNOWN,REJECTED_NO_FLOW,0.0,-1.09,-1.80,-1.61
06:38 PT,HIMS,UNKNOWN,REJECTED_LOW_PREMIUM,0.0,-1.68,-4.20,-1.61
06:32 PT,TSLA,PUT,REJECTED_LOW_SCORE,13.3,-3.15,-2.06,-1.65
08:47 PT,HOOD,UNKNOWN,REJECTED_BID_SIDE,0.0,-0.25,-1.65,-1.67
07:12 PT,GDX,UNKNOWN,REJECTED_LOW_PREMIUM,0.0,0.02,-1.24,-1.68
07:01 PT,BA,CALL,REJECTED_LOW_SCORE,32.0,-0.30,-1.02,-1.69
07:06 PT,BA,UNKNOWN,REJECTED_NO_FLOW,0.0,-0.30,-1.02,-1.69
18:16 PT,MARA,UNKNOWN,REJECTED_BID_SIDE,0.0,1.18,-0.98,-1.72
20:16 PT,MARA,UNKNOWN,REJECTED_LOW_PREMIUM,0.0,1.18,-0.98,-1.72
06:38 PT,BA,UNKNOWN,REJECTED_LOW_PREMIUM,0.0,-0.20,-0.95,-1.85
06:32 PT,SLV,CALL,REJECTED_LOW_SCORE,38.9,0.38,-0.71,-1.88
08:32 PT,DOCN,PUT,REJECTED_IV_CRUSH,0.0,-2.20,-2.68,-1.94
08:47 PT,CVNA,UNKNOWN,REJECTED_LOW_PREMIUM,0.0,-1.28,-2.01,-1.99
07:31 PT,HOOD,CALL,REJECTED_LOW_SCORE,38.0,-0.44,-1.89,-2.16
07:38 PT,HOOD,UNKNOWN,REJECTED_NO_FLOW,0.0,-0.44,-1.89,-2.16
07:01 PT,RKLB,CALL,REJECTED_LOW_SCORE,35.6,-2.16,-0.90,-2.25
06:43 PT,SOFI,UNKNOWN,REJECTED_LOW_PREMIUM,0.0,0.87,-1.24,-2.48
07:01 PT,ORCL,UNKNOWN,REJECTED_BID_SIDE,0.0,-1.35,-3.53,-2.56
07:06 PT,ORCL,UNKNOWN,REJECTED_NO_FLOW,0.0,-1.35,-3.53,-2.56
07:07 PT,ORCL,CALL,REJECTED_LOW_SCORE,28.1,-1.35,-3.53,-2.56
08:39 PT,ALK,UNKNOWN,REJECTED_NO_FLOW,0.0,-1.08,-2.62,-2.60
08:47 PT,ALK,CALL,REJECTED_LOW_SCORE,30.1,-1.08,-2.62,-2.60
07:54 PT,RIVN,UNKNOWN,REJECTED_BID_SIDE,0.0,-1.05,-2.83,-2.61
06:49 PT,USO,PUT,REJECTED_LOW_SCORE,18.4,2.17,-0.14,-2.73
07:06 PT,MSTR,UNKNOWN,REJECTED_NO_FLOW,0.0,-1.44,-4.00,-2.79
07:54 PT,CRCL,UNKNOWN,REJECTED_BID_SIDE,0.0,-3.91,-3.72,-2.91
07:54 PT,KORU,UNKNOWN,REJECTED_BID_SIDE,0.0,-1.12,-2.66,-2.94
07:31 PT,CVX,PUT,REJECTED_LOW_SCORE,16.2,-0.94,-2.80,-3.03
07:12 PT,UAL,UNKNOWN,REJECTED_LOW_PREMIUM,0.0,-0.81,-3.13,-3.08
07:18 PT,SOFI,UNKNOWN,REJECTED_NO_FLOW,0.0,-0.43,-2.63,-3.23
07:31 PT,SOFI,UNKNOWN,REJECTED_BID_SIDE,0.0,-0.43,-2.63,-3.23
07:06 PT,COIN,UNKNOWN,REJECTED_NO_FLOW,0.0,-0.84,-3.45,-3.75
07:38 PT,COIN,UNKNOWN,REJECTED_LOW_PREMIUM,0.0,-0.84,-3.45,-3.75
08:01 PT,OKLO,UNKNOWN,REJECTED_NO_FLOW,0.0,-1.61,-3.89,-3.93
07:01 PT,BMNR,UNKNOWN,REJECTED_LOW_PREMIUM,0.0,-1.61,-4.60,-4.27
07:06 PT,BMNR,UNKNOWN,REJECTED_NO_FLOW,0.0,-1.61,-4.60,-4.27
07:31 PT,OKLO,CALL,REJECTED_LOW_SCORE,32.5,-1.76,-4.95,-5.34
06:43 PT,KWEB,CALL,WATCH_PULLBACK,46.5,,,
06:49 PT,IGV,CALL,WATCH_PULLBACK,40.2,,,
07:12 PT,TLT,CALL,WATCH_PULLBACK,46.4,,,
09:13 PT,CIFR,CALL,WATCH_PULLBACK,43.4,,,
09:36 PT,KRE,CALL,WATCH_PULLBACK,40.7,,,
12:38 PT,TSM,CALL,WATCH_PULLBACK,42.6,,,
